"name","council","registration_number","council_registration_date","primary_qualification","primary_qualification_year","additional_qualifications","review_status","source_url"
"ANOOP  KUMAR","Delhi Medical Council","DMC/R/7503","02-06-2011","M.B.B.S.","2011","Doctor of Medicine - General Medicine (2018)","REVIEW - not a verified HCP or first-registration match","https://nmc.org.in/indian-medical-register/search?search_type=advance&name=Anoop&reg_no=&year=&state=&page=1&per_page=25"
"ANOOP DIXIT","Maharashtra Medical Council","2021010182","14-01-2021","Doctor in General Medicine","2017","","REVIEW - not a verified HCP or first-registration match","https://nmc.org.in/indian-medical-register/search?search_type=advance&name=Anoop&reg_no=&year=&state=&page=3&per_page=25"
"ANOOP KUMAR SRIVASTAVA","Uttarakhand Medical Council","3286","22-06-2010","MD (Gen.Med.)","2010","","REVIEW - not a verified HCP or first-registration match","https://nmc.org.in/indian-medical-register/search?search_type=advance&name=Anoop&reg_no=&year=&state=&page=6&per_page=25"
"ANOOP M","Andhra Pradesh Medical Council","APMC/FMR/90715","05-05-2015","M.B.B.S","2001","MD-GENERAL MEDICINE (2006); DNB-NEPHROLOGY (2010)","REVIEW - not a verified HCP or first-registration match","https://nmc.org.in/indian-medical-register/search?search_type=advance&name=Anoop&reg_no=&year=&state=&page=6&per_page=25"
"ANOOP MEHTA","Andhra Pradesh Medical Council","APMC/FMR/88749","24-09-2014","M.B.B.S","2001","M.D. ( GENERAL MEDICINE) (2006)","REVIEW - not a verified HCP or first-registration match","https://nmc.org.in/indian-medical-register/search?search_type=advance&name=Anoop&reg_no=&year=&state=&page=7&per_page=25"
"ANOOP MOTIRAM BARDESKAR","Maharashtra Medical Council","2009062460","06-01-2009","MBBS","2008","MD (Gen.Med.) (2016); Diplomate N.B. (Card.) (2019)","REVIEW - not a verified HCP or first-registration match","https://nmc.org.in/indian-medical-register/search?search_type=advance&name=Anoop&reg_no=&year=&state=&page=7&per_page=25"
"Aarathi, Eakambaram Mohan","Tamil Nadu Medical Council","129608","16-04-2018","MBBS","2018","M.S.(Obst.& Gynae.) (2022)","REVIEW - not a verified HCP or first-registration match","https://nmc.org.in/indian-medical-register/search?search_type=advance&name=Mohan&reg_no=&year=&state=TAM&page=1&per_page=25"
"Aarthi Mohana Rangaraj","Tamil Nadu Medical Council","74246","12-05-2004","M.B.B.S","2004","M.D.(Obst. & Gynae.) (2008)","REVIEW - not a verified HCP or first-registration match","https://nmc.org.in/indian-medical-register/search?search_type=advance&name=Mohan&reg_no=&year=&state=TAM&page=1&per_page=25"
"Adithi Mohan","Tamil Nadu Medical Council","186738","29-04-2024","MBBS","2019","M.S.(Obst.& Gynae.) (2023)","REVIEW - not a verified HCP or first-registration match","https://nmc.org.in/indian-medical-register/search?search_type=advance&name=Mohan&reg_no=&year=&state=TAM&page=1&per_page=25"
"Agarwal Sanjiv Madanmohan","Tamil Nadu Medical Council","42581","02-03-1987","Bachelor of Medicine, Bachelor","1982","M.D.(General Medicine) (1985); D.M.(Cardiology) (1990)","REVIEW - not a verified HCP or first-registration match","https://nmc.org.in/indian-medical-register/search?search_type=advance&name=Mohan&reg_no=&year=&state=TAM&page=1&per_page=25"
"Ajay Mohan","Tamil Nadu Medical Council","160922","22-10-2021","MBBS","2010","M.D.(General Medicine) (2016)","REVIEW - not a verified HCP or first-registration match","https://nmc.org.in/indian-medical-register/search?search_type=advance&name=Mohan&reg_no=&year=&state=TAM&page=2&per_page=25"
"Ajith, Mohanan Nair","Tamil Nadu Medical Council","84380","15-07-2008","MBBS","2002","M.D.(General Medicine) (2006); D.M.(Neurology) (2011)","REVIEW - not a verified HCP or first-registration match","https://nmc.org.in/indian-medical-register/search?search_type=advance&name=Mohan&reg_no=&year=&state=TAM&page=2&per_page=25"
"Akila Sree,  Pasupathi Bharathi Mohan","Tamil Nadu Medical Council","83008","10-03-2008","MBBS","2008","M.D.(Obstetrics and Gynaecology) (2011)","REVIEW - not a verified HCP or first-registration match","https://nmc.org.in/indian-medical-register/search?search_type=advance&name=Mohan&reg_no=&year=&state=TAM&page=2&per_page=25"
"Alaganandha, Mohan","Tamil Nadu Medical Council","74860","30-06-2004","Bachelor of Medicine, Bachelor","2004","M.S.(Obst.& Gynae.) (2017)","REVIEW - not a verified HCP or first-registration match","https://nmc.org.in/indian-medical-register/search?search_type=advance&name=Mohan&reg_no=&year=&state=TAM&page=2&per_page=25"
"Amirthavalli, Rajamohan","Tamil Nadu Medical Council","80833","30-05-2007","MBBS","2007","Diploma in Obstetrics & Gynaecology (2010); DNB.(Obst.& Gynae.) (2012)","REVIEW - not a verified HCP or first-registration match","https://nmc.org.in/indian-medical-register/search?search_type=advance&name=Mohan&reg_no=&year=&state=TAM&page=3&per_page=25"
"Anandi, Chandramohan","Tamil Nadu Medical Council","61498","18-03-1998","MBBS","1998","M.D.(General Medicine) (2007)","REVIEW - not a verified HCP or first-registration match","https://nmc.org.in/indian-medical-register/search?search_type=advance&name=Mohan&reg_no=&year=&state=TAM&page=3&per_page=25"
"Archana Devi, Mohanarangan","Tamil Nadu Medical Council","103310","23-08-2013","MBBS","2013","M.D.(General Medicine) (2017)","REVIEW - not a verified HCP or first-registration match","https://nmc.org.in/indian-medical-register/search?search_type=advance&name=Mohan&reg_no=&year=&state=TAM&page=4&per_page=25"
"Arumugam Thiravia Mohan","Tamil Nadu Medical Council","27262","12-01-1976","M.B.B.S","1976","M.D.(General Medicine) (1979); D.M.(Gastro-Entereology) (1985)","REVIEW - not a verified HCP or first-registration match","https://nmc.org.in/indian-medical-register/search?search_type=advance&name=Mohan&reg_no=&year=&state=TAM&page=5&per_page=25"
"Arumugapandian S Mohan","Tamil Nadu Medical Council","41333","25-07-1986","M.B.B.S.","1986","M.D.(General Medicine) (1994)","REVIEW - not a verified HCP or first-registration match","https://nmc.org.in/indian-medical-register/search?search_type=advance&name=Mohan&reg_no=&year=&state=TAM&page=5&per_page=25"
"Arun Mohan, Arunachalam Dhandapani","Tamil Nadu Medical Council","127886","17-01-2018","MBBS","2017","M.D.(General Medicine) (2023)","REVIEW - not a verified HCP or first-registration match","https://nmc.org.in/indian-medical-register/search?search_type=advance&name=Mohan&reg_no=&year=&state=TAM&page=5&per_page=25"
"Baby, Mohanraj","Tamil Nadu Medical Council","88593","13-01-2010","MBBS","2009","M.D.(Obstetrics and Gynaecology) (2022)","REVIEW - not a verified HCP or first-registration match","https://nmc.org.in/indian-medical-register/search?search_type=advance&name=Mohan&reg_no=&year=&state=TAM&page=6&per_page=25"
"Balaji Venkateshwaran, Mohanavelu","Tamil Nadu Medical Council","123694","17-05-2017","MBBS","2016","M.D.(General Medicine) (2022)","REVIEW - not a verified HCP or first-registration match","https://nmc.org.in/indian-medical-register/search?search_type=advance&name=Mohan&reg_no=&year=&state=TAM&page=7&per_page=25"
"Balakumaran, Mohanasundaram","Tamil Nadu Medical Council","139063","14-06-2019","MBBS","2019","DNB.(General Medicine) (2023)","REVIEW - not a verified HCP or first-registration match","https://nmc.org.in/indian-medical-register/search?search_type=advance&name=Mohan&reg_no=&year=&state=TAM&page=7&per_page=25"
"Chadalavada Kranthi Mohan","Tamil Nadu Medical Council","152982","19-01-2021","MBBS","2013","M.D.(General Medicine) (2017); D.M.(Neurology) (2020)","REVIEW - not a verified HCP or first-registration match","https://nmc.org.in/indian-medical-register/search?search_type=advance&name=Mohan&reg_no=&year=&state=TAM&page=8&per_page=25"
"DURU SUSHIL SHAH","Maharashtra Medical Council","29575","17-01-1973","MBBS","1972","D.F.P. (1975); Dip.OBG (1975); MD (OBG) (1976)","REVIEW - not a verified HCP or first-registration match","https://nmc.org.in/indian-medical-register/search?search_type=advance&name=Duru&reg_no=&year=&state=MAH&page=1&per_page=25"
"KANCHAN ATMARAM DURUGKAR","Maharashtra Medical Council","2021128648","20-12-2021","MBBS","2009","M.S. (Obst. & Gynae.) (2013)","REVIEW - not a verified HCP or first-registration match","https://nmc.org.in/indian-medical-register/search?search_type=advance&name=Duru&reg_no=&year=&state=MAH&page=1&per_page=25"
"SANJAY KALRA","Haryana Medical Council","HN1973","03-11-2006","MBBS","1991","M.D. (MEDICINE) (1997); D.M. (1999); D.M. (ENDOCRINOLOGY) (2020)","REVIEW - not a verified HCP or first-registration match","https://nmc.org.in/indian-medical-register/search?search_type=advance&name=Kalra&reg_no=&year=&state=HAR&page=2&per_page=25"
"TUSHAR KALRA","Haryana Medical Council","HN2340","15-02-2007","MBBS","1996","M.D. (GENERAL MEDICINE) (1999)","REVIEW - not a verified HCP or first-registration match","https://nmc.org.in/indian-medical-register/search?search_type=advance&name=Kalra&reg_no=&year=&state=HAR&page=2&per_page=25"
"Gupta (Miss) Nisha Banshidhar","Gujarat Medical Council","G-32660","30-04-2003","M.B.B.S.","1996","M.D. (Obstetrics & Gynaecology) (2016)","REVIEW - not a verified HCP or first-registration match","https://nmc.org.in/indian-medical-register/search?search_type=advance&name=Banshi&reg_no=&year=&state=GUJ&page=1&per_page=25"
"Lakhani (Mrs) Vishakha  Jay  (Nee: Koli (Miss) Vishakha Vivek)","Gujarat Medical Council","G-48063","21-09-2012","M.B.B.S.","2008","F.C.P.S. (Midwifery & Gynaecology) (2016)","REVIEW - not a verified HCP or first-registration match","https://nmc.org.in/indian-medical-register/search?search_type=advance&name=Lakhani&reg_no=&year=&state=GUJ&page=3&per_page=25"
"Pardananl (Mrs.) HIRAMANI Ram (Nee Lakhani (Miss)  Hiramani Chhuttaram","Gujarat Medical Council","G-19757","13-01-1992","M.B.B.S.","1967","D.G.O. (2016); M.D. (Obstetrics & Gynaecology) (2016)","REVIEW - not a verified HCP or first-registration match","https://nmc.org.in/indian-medical-register/search?search_type=advance&name=Lakhani&reg_no=&year=&state=GUJ&page=5&per_page=25"
"Lulu Cyriac","Kerala State Medical Council","45596","06-07-2012","MBBS","2012","MD(Gen.Med.) (2016)","REVIEW - not a verified HCP or first-registration match","https://nmc.org.in/indian-medical-register/search?search_type=advance&name=Cyriac&reg_no=&year=&state=TC&page=3&per_page=25"
